F11,F12,F13,F21,F22,F23,F31,F32,F33,W
1.0,0.0,0.0,0.0,1.0,0.0,0.0,0.0,1.0,-0.11258399
1.0050251,0.0,0.0,0.0,1.0,0.0,0.0,0.0,1.0,-0.115181334
1.0100503,0.0,0.0,0.0,1.0,0.0,0.0,0.0,1.0,-0.024839588
1.0150753,0.0,0.0,0.0,1.0,0.0,0.0,0.0,1.0,-0.042897258
1.0201005,0.0,0.0,0.0,1.0,0.0,0.0,0.0,1.0,0.085742325
1.0251256,0.0,0.0,0.0,1.0,0.0,0.0,0.0,1.0,0.07056069
1.0301508,0.0,0.0,0.0,1.0,0.0,0.0,0.0,1.0,-0.029645441
1.0351759,0.0,0.0,0.0,1.0,0.0,0.0,0.0,1.0,-0.20886281
1.040201,0.0,0.0,0.0,1.0,0.0,0.0,0.0,1.0,0.035696536
1.0452261,0.0,0.0,0.0,1.0,0.0,0.0,0.0,1.0,-0.121948
1.0502512,0.0,0.0,0.0,1.0,0.0,0.0,0.0,1.0,0.040406633
1.0552764,0.0,0.0,0.0,1.0,0.0,0.0,0.0,1.0,0.037350215
1.0603015,0.0,0.0,0.0,1.0,0.0,0.0,0.0,1.0,0.01975492
1.0653267,0.0,0.0,0.0,1.0,0.0,0.0,0.0,1.0,0.13287559
1.0703517,0.0,0.0,0.0,1.0,0.0,0.0,0.0,1.0,0.12223137
1.0753769,0.0,0.0,0.0,1.0,0.0,0.0,0.0,1.0,-0.012625571
1.080402,0.0,0.0,0.0,1.0,0.0,0.0,0.0,1.0,-0.121510535
1.0854272,0.0,0.0,0.0,1.0,0.0,0.0,0.0,1.0,-0.15408154
1.0904523,0.0,0.0,0.0,1.0,0.0,0.0,0.0,1.0,0.07403679
1.0954773,0.0,0.0,0.0,1.0,0.0,0.0,0.0,1.0,0.09868609
1.1005025,0.0,0.0,0.0,1.0,0.0,0.0,0.0,1.0,0.08128569
1.1055276,0.0,0.0,0.0,1.0,0.0,0.0,0.0,1.0,-0.13193846
1.1105528,0.0,0.0,0.0,1.0,0.0,0.0,0.0,1.0,-0.008293094
1.1155779,0.0,0.0,0.0,1.0,0.0,0.0,0.0,1.0,0.21351755
1.120603,0.0,0.0,0.0,1.0,0.0,0.0,0.0,1.0,0.10571194
1.1256281,0.0,0.0,0.0,1.0,0.0,0.0,0.0,1.0,-0.02527918
1.1306533,0.0,0.0,0.0,1.0,0.0,0.0,0.0,1.0,0.018610002
1.1356784,0.0,0.0,0.0,1.0,0.0,0.0,0.0,1.0,0.057077482
1.1407036,0.0,0.0,0.0,1.0,0.0,0.0,0.0,1.0,0.18054748
1.1457286,0.0,0.0,0.0,1.0,0.0,0.0,0.0,1.0,0.20322594
1.1507537,0.0,0.0,0.0,1.0,0.0,0.0,0.0,1.0,0.14230436
1.1557789,0.0,0.0,0.0,1.0,0.0,0.0,0.0,1.0,-0.033510696
1.160804,0.0,0.0,0.0,1.0,0.0,0.0,0.0,1.0,-0.007219158
1.1658292,0.0,0.0,0.0,1.0,0.0,0.0,0.0,1.0,0.0606802
1.1708543,0.0,0.0,0.0,1.0,0.0,0.0,0.0,1.0,0.011734594
1.1758794,0.0,0.0,0.0,1.0,0.0,0.0,0.0,1.0,0.08942431
1.1809045,0.0,0.0,0.0,1.0,0.0,0.0,0.0,1.0,0.11223215
1.1859297,0.0,0.0,0.0,1.0,0.0,0.0,0.0,1.0,0.08328194
1.1909548,0.0,0.0,0.0,1.0,0.0,0.0,0.0,1.0,0.13999708
1.1959798,0.0,0.0,0.0,1.0,0.0,0.0,0.0,1.0,0.12400858
1.201005,0.0,0.0,0.0,1.0,0.0,0.0,0.0,1.0,0.07373545
1.2060301,0.0,0.0,0.0,1.0,0.0,0.0,0.0,1.0,0.16738223
1.2110553,0.0,0.0,0.0,1.0,0.0,0.0,0.0,1.0,0.063440144
1.2160804,0.0,0.0,0.0,1.0,0.0,0.0,0.0,1.0,0.10202433
1.2211056,0.0,0.0,0.0,1.0,0.0,0.0,0.0,1.0,0.15352374
1.2261306,0.0,0.0,0.0,1.0,0.0,0.0,0.0,1.0,0.33601925
1.2311558,0.0,0.0,0.0,1.0,0.0,0.0,0.0,1.0,-0.036432624
1.2361809,0.0,0.0,0.0,1.0,0.0,0.0,0.0,1.0,-0.043457314
1.241206,0.0,0.0,0.0,1.0,0.0,0.0,0.0,1.0,0.052753873
1.2462312,0.0,0.0,0.0,1.0,0.0,0.0,0.0,1.0,0.21229392
1.2512562,0.0,0.0,0.0,1.0,0.0,0.0,0.0,1.0,0.23559038
1.2562814,0.0,0.0,0.0,1.0,0.0,0.0,0.0,1.0,0.15297897
1.2613065,0.0,0.0,0.0,1.0,0.0,0.0,0.0,1.0,0.117397025
1.2663317,0.0,0.0,0.0,1.0,0.0,0.0,0.0,1.0,0.106586546
1.2713568,0.0,0.0,0.0,1.0,0.0,0.0,0.0,1.0,0.20551853
1.276382,0.0,0.0,0.0,1.0,0.0,0.0,0.0,1.0,0.11719569
1.281407,0.0,0.0,0.0,1.0,0.0,0.0,0.0,1.0,0.1177073
1.2864321,0.0,0.0,0.0,1.0,0.0,0.0,0.0,1.0,0.24244347
1.2914573,0.0,0.0,0.0,1.0,0.0,0.0,0.0,1.0,0.3259466
1.2964824,0.0,0.0,0.0,1.0,0.0,0.0,0.0,1.0,0.52080095
1.3015075,0.0,0.0,0.0,1.0,0.0,0.0,0.0,1.0,0.032628685
1.3065326,0.0,0.0,0.0,1.0,0.0,0.0,0.0,1.0,0.0684246
1.3115578,0.0,0.0,0.0,1.0,0.0,0.0,0.0,1.0,0.37999576
1.3165829,0.0,0.0,0.0,1.0,0.0,0.0,0.0,1.0,0.14914945
1.3216081,0.0,0.0,0.0,1.0,0.0,0.0,0.0,1.0,0.1537505
1.3266332,0.0,0.0,0.0,1.0,0.0,0.0,0.0,1.0,0.3091393
1.3316582,0.0,0.0,0.0,1.0,0.0,0.0,0.0,1.0,0.33478403
1.3366834,0.0,0.0,0.0,1.0,0.0,0.0,0.0,1.0,0.35934374
1.3417085,0.0,0.0,0.0,1.0,0.0,0.0,0.0,1.0,0.08928621
1.3467337,0.0,0.0,0.0,1.0,0.0,0.0,0.0,1.0,0.5006672
1.3517587,0.0,0.0,0.0,1.0,0.0,0.0,0.0,1.0,0.20356523
1.3567839,0.0,0.0,0.0,1.0,0.0,0.0,0.0,1.0,0.29145873
1.361809,0.0,0.0,0.0,1.0,0.0,0.0,0.0,1.0,0.10209
1.3668342,0.0,0.0,0.0,1.0,0.0,0.0,0.0,1.0,0.21726002
1.3718593,0.0,0.0,0.0,1.0,0.0,0.0,0.0,1.0,0.23155533
1.3768845,0.0,0.0,0.0,1.0,0.0,0.0,0.0,1.0,0.23696712
1.3819096,0.0,0.0,0.0,1.0,0.0,0.0,0.0,1.0,0.18772614
1.3869346,0.0,0.0,0.0,1.0,0.0,0.0,0.0,1.0,0.413499
1.3919598,0.0,0.0,0.0,1.0,0.0,0.0,0.0,1.0,0.29561082
1.3969849,0.0,0.0,0.0,1.0,0.0,0.0,0.0,1.0,0.39801818
1.4020101,0.0,0.0,0.0,1.0,0.0,0.0,0.0,1.0,0.31596467
1.4070351,0.0,0.0,0.0,1.0,0.0,0.0,0.0,1.0,0.4019525
1.4120603,0.0,0.0,0.0,1.0,0.0,0.0,0.0,1.0,0.25745568
1.4170854,0.0,0.0,0.0,1.0,0.0,0.0,0.0,1.0,0.34950763
1.4221106,0.0,0.0,0.0,1.0,0.0,0.0,0.0,1.0,0.44183034
1.4271357,0.0,0.0,0.0,1.0,0.0,0.0,0.0,1.0,0.32595113
1.4321609,0.0,0.0,0.0,1.0,0.0,0.0,0.0,1.0,0.47830528
1.4371859,0.0,0.0,0.0,1.0,0.0,0.0,0.0,1.0,0.41866988
1.442211,0.0,0.0,0.0,1.0,0.0,0.0,0.0,1.0,0.36684078
1.4472362,0.0,0.0,0.0,1.0,0.0,0.0,0.0,1.0,0.63036984
1.4522613,0.0,0.0,0.0,1.0,0.0,0.0,0.0,1.0,0.220717
1.4572864,0.0,0.0,0.0,1.0,0.0,0.0,0.0,1.0,0.41277122
1.4623115,0.0,0.0,0.0,1.0,0.0,0.0,0.0,1.0,0.32219487
1.4673367,0.0,0.0,0.0,1.0,0.0,0.0,0.0,1.0,0.34008163
1.4723618,0.0,0.0,0.0,1.0,0.0,0.0,0.0,1.0,0.44821393
1.477387,0.0,0.0,0.0,1.0,0.0,0.0,0.0,1.0,0.52508867
1.4824121,0.0,0.0,0.0,1.0,0.0,0.0,0.0,1.0,0.62797576
1.4874372,0.0,0.0,0.0,1.0,0.0,0.0,0.0,1.0,0.33677143
1.4924623,0.0,0.0,0.0,1.0,0.0,0.0,0.0,1.0,0.51673365
1.4974874,0.0,0.0,0.0,1.0,0.0,0.0,0.0,1.0,0.5438424
1.5025126,0.0,0.0,0.0,1.0,0.0,0.0,0.0,1.0,0.24019149
1.5075377,0.0,0.0,0.0,1.0,0.0,0.0,0.0,1.0,0.34163404
1.5125628,0.0,0.0,0.0,1.0,0.0,0.0,0.0,1.0,0.49830437
1.5175879,0.0,0.0,0.0,1.0,0.0,0.0,0.0,1.0,0.55906045
1.522613,0.0,0.0,0.0,1.0,0.0,0.0,0.0,1.0,0.56578326
1.5276382,0.0,0.0,0.0,1.0,0.0,0.0,0.0,1.0,0.55889404
1.5326633,0.0,0.0,0.0,1.0,0.0,0.0,0.0,1.0,0.59521
1.5376885,0.0,0.0,0.0,1.0,0.0,0.0,0.0,1.0,0.6171422
1.5427136,0.0,0.0,0.0,1.0,0.0,0.0,0.0,1.0,0.62777793
1.5477387,0.0,0.0,0.0,1.0,0.0,0.0,0.0,1.0,0.50601697
1.5527638,0.0,0.0,0.0,1.0,0.0,0.0,0.0,1.0,0.68124425
1.557789,0.0,0.0,0.0,1.0,0.0,0.0,0.0,1.0,0.5210822
1.5628141,0.0,0.0,0.0,1.0,0.0,0.0,0.0,1.0,0.60261416
1.5678391,0.0,0.0,0.0,1.0,0.0,0.0,0.0,1.0,0.3918156
1.5728643,0.0,0.0,0.0,1.0,0.0,0.0,0.0,1.0,0.63894373
1.5778894,0.0,0.0,0.0,1.0,0.0,0.0,0.0,1.0,0.6538382
1.5829146,0.0,0.0,0.0,1.0,0.0,0.0,0.0,1.0,0.7645783
1.5879397,0.0,0.0,0.0,1.0,0.0,0.0,0.0,1.0,0.71442133
1.5929649,0.0,0.0,0.0,1.0,0.0,0.0,0.0,1.0,0.598624
1.5979899,0.0,0.0,0.0,1.0,0.0,0.0,0.0,1.0,0.6965044
1.6030151,0.0,0.0,0.0,1.0,0.0,0.0,0.0,1.0,0.6512958
1.6080402,0.0,0.0,0.0,1.0,0.0,0.0,0.0,1.0,0.67872304
1.6130654,0.0,0.0,0.0,1.0,0.0,0.0,0.0,1.0,0.9288909
1.6180904,0.0,0.0,0.0,1.0,0.0,0.0,0.0,1.0,0.70816284
1.6231155,0.0,0.0,0.0,1.0,0.0,0.0,0.0,1.0,0.77260023
1.6281407,0.0,0.0,0.0,1.0,0.0,0.0,0.0,1.0,0.8885684
1.6331658,0.0,0.0,0.0,1.0,0.0,0.0,0.0,1.0,0.87639505
1.638191,0.0,0.0,0.0,1.0,0.0,0.0,0.0,1.0,0.9348424
1.6432161,0.0,0.0,0.0,1.0,0.0,0.0,0.0,1.0,0.71991724
1.6482413,0.0,0.0,0.0,1.0,0.0,0.0,0.0,1.0,0.77859336
1.6532663,0.0,0.0,0.0,1.0,0.0,0.0,0.0,1.0,0.75231844
1.6582915,0.0,0.0,0.0,1.0,0.0,0.0,0.0,1.0,0.9017657
1.6633166,0.0,0.0,0.0,1.0,0.0,0.0,0.0,1.0,0.9187323
1.6683418,0.0,0.0,0.0,1.0,0.0,0.0,0.0,1.0,0.9169621
1.6733668,0.0,0.0,0.0,1.0,0.0,0.0,0.0,1.0,1.0780038
1.6783919,0.0,0.0,0.0,1.0,0.0,0.0,0.0,1.0,0.7893799
1.6834171,0.0,0.0,0.0,1.0,0.0,0.0,0.0,1.0,0.9007955
1.6884422,0.0,0.0,0.0,1.0,0.0,0.0,0.0,1.0,0.93309325
1.6934674,0.0,0.0,0.0,1.0,0.0,0.0,0.0,1.0,0.875066
1.6984925,0.0,0.0,0.0,1.0,0.0,0.0,0.0,1.0,0.82317084
1.7035176,0.0,0.0,0.0,1.0,0.0,0.0,0.0,1.0,0.9505387
1.7085427,0.0,0.0,0.0,1.0,0.0,0.0,0.0,1.0,0.8706645
1.7135679,0.0,0.0,0.0,1.0,0.0,0.0,0.0,1.0,0.95611316
1.718593,0.0,0.0,0.0,1.0,0.0,0.0,0.0,1.0,1.0253999
1.723618,0.0,0.0,0.0,1.0,0.0,0.0,0.0,1.0,0.9883872
1.7286432,0.0,0.0,0.0,1.0,0.0,0.0,0.0,1.0,1.0398018
1.7336683,0.0,0.0,0.0,1.0,0.0,0.0,0.0,1.0,1.0660666
1.7386935,0.0,0.0,0.0,1.0,0.0,0.0,0.0,1.0,1.1719198
1.7437186,0.0,0.0,0.0,1.0,0.0,0.0,0.0,1.0,1.0981923
1.7487438,0.0,0.0,0.0,1.0,0.0,0.0,0.0,1.0,1.1219555
1.7537689,0.0,0.0,0.0,1.0,0.0,0.0,0.0,1.0,1.0772363
1.758794,0.0,0.0,0.0,1.0,0.0,0.0,0.0,1.0,1.0996825
1.7638191,0.0,0.0,0.0,1.0,0.0,0.0,0.0,1.0,1.1449138
1.7688442,0.0,0.0,0.0,1.0,0.0,0.0,0.0,1.0,1.0627826
1.7738693,0.0,0.0,0.0,1.0,0.0,0.0,0.0,1.0,0.9643537
1.7788944,0.0,0.0,0.0,1.0,0.0,0.0,0.0,1.0,1.1819315
1.7839196,0.0,0.0,0.0,1.0,0.0,0.0,0.0,1.0,1.112996
1.7889447,0.0,0.0,0.0,1.0,0.0,0.0,0.0,1.0,1.2295443
1.7939699,0.0,0.0,0.0,1.0,0.0,0.0,0.0,1.0,1.2285441
1.798995,0.0,0.0,0.0,1.0,0.0,0.0,0.0,1.0,1.266159
1.8040202,0.0,0.0,0.0,1.0,0.0,0.0,0.0,1.0,1.339241
1.8090452,0.0,0.0,0.0,1.0,0.0,0.0,0.0,1.0,1.1584065
1.8140703,0.0,0.0,0.0,1.0,0.0,0.0,0.0,1.0,1.3027493
1.8190955,0.0,0.0,0.0,1.0,0.0,0.0,0.0,1.0,1.2770165
1.8241206,0.0,0.0,0.0,1.0,0.0,0.0,0.0,1.0,1.4028382
1.8291457,0.0,0.0,0.0,1.0,0.0,0.0,0.0,1.0,1.2684504
1.8341708,0.0,0.0,0.0,1.0,0.0,0.0,0.0,1.0,1.4098479
1.839196,0.0,0.0,0.0,1.0,0.0,0.0,0.0,1.0,1.4110665
1.8442211,0.0,0.0,0.0,1.0,0.0,0.0,0.0,1.0,1.3962264
1.8492463,0.0,0.0,0.0,1.0,0.0,0.0,0.0,1.0,1.4018248
1.8542714,0.0,0.0,0.0,1.0,0.0,0.0,0.0,1.0,1.3842411
1.8592966,0.0,0.0,0.0,1.0,0.0,0.0,0.0,1.0,1.4481318
1.8643216,0.0,0.0,0.0,1.0,0.0,0.0,0.0,1.0,1.3966064
1.8693467,0.0,0.0,0.0,1.0,0.0,0.0,0.0,1.0,1.3361484
1.8743719,0.0,0.0,0.0,1.0,0.0,0.0,0.0,1.0,1.4841945
1.8793969,0.0,0.0,0.0,1.0,0.0,0.0,0.0,1.0,1.3366692
1.8844221,0.0,0.0,0.0,1.0,0.0,0.0,0.0,1.0,1.4859406
1.8894472,0.0,0.0,0.0,1.0,0.0,0.0,0.0,1.0,1.4730676
1.8944724,0.0,0.0,0.0,1.0,0.0,0.0,0.0,1.0,1.3691795
1.8994975,0.0,0.0,0.0,1.0,0.0,0.0,0.0,1.0,1.5063885
1.9045227,0.0,0.0,0.0,1.0,0.0,0.0,0.0,1.0,1.6665617
1.9095478,0.0,0.0,0.0,1.0,0.0,0.0,0.0,1.0,1.5882882
1.9145728,0.0,0.0,0.0,1.0,0.0,0.0,0.0,1.0,1.7492646
1.919598,0.0,0.0,0.0,1.0,0.0,0.0,0.0,1.0,1.6869084
1.9246231,0.0,0.0,0.0,1.0,0.0,0.0,0.0,1.0,1.5178386
1.9296482,0.0,0.0,0.0,1.0,0.0,0.0,0.0,1.0,1.5706365
1.9346733,0.0,0.0,0.0,1.0,0.0,0.0,0.0,1.0,1.8069143
1.9396985,0.0,0.0,0.0,1.0,0.0,0.0,0.0,1.0,1.7045903
1.9447236,0.0,0.0,0.0,1.0,0.0,0.0,0.0,1.0,1.7609808
1.9497488,0.0,0.0,0.0,1.0,0.0,0.0,0.0,1.0,1.6122241
1.9547739,0.0,0.0,0.0,1.0,0.0,0.0,0.0,1.0,1.610171
1.959799,0.0,0.0,0.0,1.0,0.0,0.0,0.0,1.0,1.6270406
1.9648242,0.0,0.0,0.0,1.0,0.0,0.0,0.0,1.0,1.7082847
1.9698492,0.0,0.0,0.0,1.0,0.0,0.0,0.0,1.0,1.8352908
1.9748744,0.0,0.0,0.0,1.0,0.0,0.0,0.0,1.0,1.8404121
1.9798995,0.0,0.0,0.0,1.0,0.0,0.0,0.0,1.0,1.8570462
1.9849246,0.0,0.0,0.0,1.0,0.0,0.0,0.0,1.0,1.8526862
1.9899497,0.0,0.0,0.0,1.0,0.0,0.0,0.0,1.0,1.9411713
1.9949749,0.0,0.0,0.0,1.0,0.0,0.0,0.0,1.0,1.8429736
2.0,0.0,0.0,0.0,1.0,0.0,0.0,0.0,1.0,1.9920456
1.0,0.0,0.0,0.0,1.0,0.0,0.0,0.0,1.0,-0.007439492
1.0,0.0050251256,0.0,0.0,1.0,0.0,0.0,0.0,1.0,-0.10920973
1.0,0.010050251,0.0,0.0,1.0,0.0,0.0,0.0,1.0,0.039253186
1.0,0.015075376,0.0,0.0,1.0,0.0,0.0,0.0,1.0,0.05956622
1.0,0.020100502,0.0,0.0,1.0,0.0,0.0,0.0,1.0,0.06642935
1.0,0.025125628,0.0,0.0,1.0,0.0,0.0,0.0,1.0,-0.120314576
1.0,0.030150753,0.0,0.0,1.0,0.0,0.0,0.0,1.0,0.061198514
1.0,0.03517588,0.0,0.0,1.0,0.0,0.0,0.0,1.0,-0.054096986
1.0,0.040201005,0.0,0.0,1.0,0.0,0.0,0.0,1.0,0.1179169
1.0,0.04522613,0.0,0.0,1.0,0.0,0.0,0.0,1.0,0.01077231
1.0,0.050251257,0.0,0.0,1.0,0.0,0.0,0.0,1.0,0.097600125
1.0,0.055276383,0.0,0.0,1.0,0.0,0.0,0.0,1.0,0.085560106
1.0,0.060301505,0.0,0.0,1.0,0.0,0.0,0.0,1.0,-0.1235473
1.0,0.06532663,0.0,0.0,1.0,0.0,0.0,0.0,1.0,0.100817464
1.0,0.07035176,0.0,0.0,1.0,0.0,0.0,0.0,1.0,-0.046990838
1.0,0.07537688,0.0,0.0,1.0,0.0,0.0,0.0,1.0,-0.12546355
1.0,0.08040201,0.0,0.0,1.0,0.0,0.0,0.0,1.0,0.09875443
1.0,0.085427135,0.0,0.0,1.0,0.0,0.0,0.0,1.0,0.13200665
1.0,0.09045226,0.0,0.0,1.0,0.0,0.0,0.0,1.0,-0.06249533
1.0,0.09547739,0.0,0.0,1.0,0.0,0.0,0.0,1.0,0.061071336
1.0,0.10050251,0.0,0.0,1.0,0.0,0.0,0.0,1.0,0.033820763
1.0,0.10552764,0.0,0.0,1.0,0.0,0.0,0.0,1.0,0.0022305488
1.0,0.110552765,0.0,0.0,1.0,0.0,0.0,0.0,1.0,-0.10007794
1.0,0.11557789,0.0,0.0,1.0,0.0,0.0,0.0,1.0,-0.0047635594
1.0,0.12060301,0.0,0.0,1.0,0.0,0.0,0.0,1.0,-0.027061101
1.0,0.12562814,0.0,0.0,1.0,0.0,0.0,0.0,1.0,0.16501766
1.0,0.13065326,0.0,0.0,1.0,0.0,0.0,0.0,1.0,0.027696636
1.0,0.1356784,0.0,0.0,1.0,0.0,0.0,0.0,1.0,0.047198575
1.0,0.14070351,0.0,0.0,1.0,0.0,0.0,0.0,1.0,-0.0045770407
1.0,0.14572865,0.0,0.0,1.0,0.0,0.0,0.0,1.0,0.074380234
1.0,0.15075377,0.0,0.0,1.0,0.0,0.0,0.0,1.0,-0.016765757
1.0,0.1557789,0.0,0.0,1.0,0.0,0.0,0.0,1.0,-0.120853916
1.0,0.16080402,0.0,0.0,1.0,0.0,0.0,0.0,1.0,-0.0012721168
1.0,0.16582914,0.0,0.0,1.0,0.0,0.0,0.0,1.0,-0.03966498
1.0,0.17085427,0.0,0.0,1.0,0.0,0.0,0.0,1.0,-0.037742395
1.0,0.17587939,0.0,0.0,1.0,0.0,0.0,0.0,1.0,0.10161724
1.0,0.18090452,0.0,0.0,1.0,0.0,0.0,0.0,1.0,-0.07233318
1.0,0.18592964,0.0,0.0,1.0,0.0,0.0,0.0,1.0,0.10116234
1.0,0.19095477,0.0,0.0,1.0,0.0,0.0,0.0,1.0,0.13352138
1.0,0.1959799,0.0,0.0,1.0,0.0,0.0,0.0,1.0,-0.15690568
1.0,0.20100503,0.0,0.0,1.0,0.0,0.0,0.0,1.0,-0.12757283
1.0,0.20603015,0.0,0.0,1.0,0.0,0.0,0.0,1.0,-0.15434286
1.0,0.21105528,0.0,0.0,1.0,0.0,0.0,0.0,1.0,0.02988872
1.0,0.2160804,0.0,0.0,1.0,0.0,0.0,0.0,1.0,-0.08451499
1.0,0.22110553,0.0,0.0,1.0,0.0,0.0,0.0,1.0,0.16847809
1.0,0.22613065,0.0,0.0,1.0,0.0,0.0,0.0,1.0,0.014508112
1.0,0.23115578,0.0,0.0,1.0,0.0,0.0,0.0,1.0,0.0844025
1.0,0.2361809,0.0,0.0,1.0,0.0,0.0,0.0,1.0,0.010973273
1.0,0.24120602,0.0,0.0,1.0,0.0,0.0,0.0,1.0,0.02268768
1.0,0.24623115,0.0,0.0,1.0,0.0,0.0,0.0,1.0,0.13415748
1.0,0.2512563,0.0,0.0,1.0,0.0,0.0,0.0,1.0,0.12224718
1.0,0.2562814,0.0,0.0,1.0,0.0,0.0,0.0,1.0,-0.014711373
1.0,0.26130652,0.0,0.0,1.0,0.0,0.0,0.0,1.0,-0.052933775
1.0,0.26633164,0.0,0.0,1.0,0.0,0.0,0.0,1.0,0.04994048
1.0,0.2713568,0.0,0.0,1.0,0.0,0.0,0.0,1.0,0.22710297
1.0,0.2763819,0.0,0.0,1.0,0.0,0.0,0.0,1.0,0.07723305
1.0,0.28140703,0.0,0.0,1.0,0.0,0.0,0.0,1.0,0.035657633
1.0,0.28643215,0.0,0.0,1.0,0.0,0.0,0.0,1.0,-0.039125517
1.0,0.2914573,0.0,0.0,1.0,0.0,0.0,0.0,1.0,-0.00708076
1.0,0.2964824,0.0,0.0,1.0,0.0,0.0,0.0,1.0,0.00779951
1.0,0.30150753,0.0,0.0,1.0,0.0,0.0,0.0,1.0,0.103964634
1.0,0.30653265,0.0,0.0,1.0,0.0,0.0,0.0,1.0,-0.068619564
1.0,0.3115578,0.0,0.0,1.0,0.0,0.0,0.0,1.0,0.034197666
1.0,0.31658292,0.0,0.0,1.0,0.0,0.0,0.0,1.0,0.030638307
1.0,0.32160804,0.0,0.0,1.0,0.0,0.0,0.0,1.0,0.04315951
1.0,0.32663316,0.0,0.0,1.0,0.0,0.0,0.0,1.0,0.1927966
1.0,0.33165827,0.0,0.0,1.0,0.0,0.0,0.0,1.0,0.11468864
1.0,0.33668342,0.0,0.0,1.0,0.0,0.0,0.0,1.0,0.008392982
1.0,0.34170854,0.0,0.0,1.0,0.0,0.0,0.0,1.0,0.02177253
1.0,0.34673366,0.0,0.0,1.0,0.0,0.0,0.0,1.0,-0.07259314
1.0,0.35175878,0.0,0.0,1.0,0.0,0.0,0.0,1.0,0.23139508
1.0,0.35678393,0.0,0.0,1.0,0.0,0.0,0.0,1.0,0.27019733
1.0,0.36180905,0.0,0.0,1.0,0.0,0.0,0.0,1.0,0.042057045
1.0,0.36683416,0.0,0.0,1.0,0.0,0.0,0.0,1.0,0.13801546
1.0,0.37185928,0.0,0.0,1.0,0.0,0.0,0.0,1.0,0.12714453
1.0,0.37688443,0.0,0.0,1.0,0.0,0.0,0.0,1.0,0.09785117
1.0,0.38190955,0.0,0.0,1.0,0.0,0.0,0.0,1.0,-0.1329664
1.0,0.38693467,0.0,0.0,1.0,0.0,0.0,0.0,1.0,0.12826121
1.0,0.3919598,0.0,0.0,1.0,0.0,0.0,0.0,1.0,0.023276828
1.0,0.39698493,0.0,0.0,1.0,0.0,0.0,0.0,1.0,-0.0075679645
1.0,0.40201005,0.0,0.0,1.0,0.0,0.0,0.0,1.0,0.07845657
1.0,0.40703517,0.0,0.0,1.0,0.0,0.0,0.0,1.0,0.20000577
1.0,0.4120603,0.0,0.0,1.0,0.0,0.0,0.0,1.0,0.12476552
1.0,0.4170854,0.0,0.0,1.0,0.0,0.0,0.0,1.0,0.06710855
1.0,0.42211056,0.0,0.0,1.0,0.0,0.0,0.0,1.0,-0.026505403
1.0,0.42713568,0.0,0.0,1.0,0.0,0.0,0.0,1.0,0.05955557
1.0,0.4321608,0.0,0.0,1.0,0.0,0.0,0.0,1.0,0.18741122
1.0,0.4371859,0.0,0.0,1.0,0.0,0.0,0.0,1.0,-0.019129656
1.0,0.44221106,0.0,0.0,1.0,0.0,0.0,0.0,1.0,0.15365568
1.0,0.44723618,0.0,0.0,1.0,0.0,0.0,0.0,1.0,0.17918602
1.0,0.4522613,0.0,0.0,1.0,0.0,0.0,0.0,1.0,0.08380255
1.0,0.45728642,0.0,0.0,1.0,0.0,0.0,0.0,1.0,0.03137812
1.0,0.46231157,0.0,0.0,1.0,0.0,0.0,0.0,1.0,0.09880081
1.0,0.46733668,0.0,0.0,1.0,0.0,0.0,0.0,1.0,0.011195712
1.0,0.4723618,0.0,0.0,1.0,0.0,0.0,0.0,1.0,0.117612
1.0,0.47738692,0.0,0.0,1.0,0.0,0.0,0.0,1.0,0.0650536
1.0,0.48241204,0.0,0.0,1.0,0.0,0.0,0.0,1.0,0.03498754
1.0,0.4874372,0.0,0.0,1.0,0.0,0.0,0.0,1.0,0.20079702
1.0,0.4924623,0.0,0.0,1.0,0.0,0.0,0.0,1.0,0.057942227
1.0,0.49748743,0.0,0.0,1.0,0.0,0.0,0.0,1.0,0.25322235
1.0,0.5025126,0.0,0.0,1.0,0.0,0.0,0.0,1.0,0.27254236
1.0,0.5075377,0.0,0.0,1.0,0.0,0.0,0.0,1.0,0.066753924
1.0,0.5125628,0.0,0.0,1.0,0.0,0.0,0.0,1.0,0.23019922
1.0,0.51758796,0.0,0.0,1.0,0.0,0.0,0.0,1.0,0.09073087
1.0,0.52261305,0.0,0.0,1.0,0.0,0.0,0.0,1.0,0.07424034
1.0,0.5276382,0.0,0.0,1.0,0.0,0.0,0.0,1.0,0.11757651
1.0,0.53266335,0.0,0.0,1.0,0.0,0.0,0.0,1.0,0.09299759
1.0,0.53768843,0.0,0.0,1.0,0.0,0.0,0.0,1.0,0.22324997
1.0,0.5427136,0.0,0.0,1.0,0.0,0.0,0.0,1.0,0.15802808
1.0,0.5477387,0.0,0.0,1.0,0.0,0.0,0.0,1.0,0.04286103
1.0,0.5527638,0.0,0.0,1.0,0.0,0.0,0.0,1.0,0.14110908
1.0,0.55778897,0.0,0.0,1.0,0.0,0.0,0.0,1.0,0.05386723
1.0,0.5628141,0.0,0.0,1.0,0.0,0.0,0.0,1.0,0.038581952
1.0,0.5678392,0.0,0.0,1.0,0.0,0.0,0.0,1.0,0.20906445
1.0,0.5728643,0.0,0.0,1.0,0.0,0.0,0.0,1.0,0.04113438
1.0,0.57788944,0.0,0.0,1.0,0.0,0.0,0.0,1.0,0.029974476
1.0,0.5829146,0.0,0.0,1.0,0.0,0.0,0.0,1.0,0.32424888
1.0,0.58793974,0.0,0.0,1.0,0.0,0.0,0.0,1.0,0.16951585
1.0,0.5929648,0.0,0.0,1.0,0.0,0.0,0.0,1.0,0.13394102
1.0,0.5979899,0.0,0.0,1.0,0.0,0.0,0.0,1.0,0.15323626
1.0,0.60301507,0.0,0.0,1.0,0.0,0.0,0.0,1.0,0.16889055
1.0,0.6080402,0.0,0.0,1.0,0.0,0.0,0.0,1.0,0.17939694
1.0,0.61306536,0.0,0.0,1.0,0.0,0.0,0.0,1.0,0.2287593
1.0,0.61809045,0.0,0.0,1.0,0.0,0.0,0.0,1.0,0.30365446
1.0,0.62311554,0.0,0.0,1.0,0.0,0.0,0.0,1.0,0.38764226
1.0,0.6281407,0.0,0.0,1.0,0.0,0.0,0.0,1.0,0.2980489
1.0,0.63316584,0.0,0.0,1.0,0.0,0.0,0.0,1.0,0.30091363
1.0,0.638191,0.0,0.0,1.0,0.0,0.0,0.0,1.0,0.16029182
1.0,0.6432161,0.0,0.0,1.0,0.0,0.0,0.0,1.0,0.08260363
1.0,0.6482412,0.0,0.0,1.0,0.0,0.0,0.0,1.0,0.3385633
1.0,0.6532663,0.0,0.0,1.0,0.0,0.0,0.0,1.0,0.23775566
1.0,0.65829146,0.0,0.0,1.0,0.0,0.0,0.0,1.0,0.26971072
1.0,0.6633166,0.0,0.0,1.0,0.0,0.0,0.0,1.0,0.21854135
1.0,0.66834176,0.0,0.0,1.0,0.0,0.0,0.0,1.0,-0.00023154914
1.0,0.67336684,0.0,0.0,1.0,0.0,0.0,0.0,1.0,0.37331453
1.0,0.67839193,0.0,0.0,1.0,0.0,0.0,0.0,1.0,0.108201966
1.0,0.6834171,0.0,0.0,1.0,0.0,0.0,0.0,1.0,0.29795247
1.0,0.68844223,0.0,0.0,1.0,0.0,0.0,0.0,1.0,0.62997675
1.0,0.6934674,0.0,0.0,1.0,0.0,0.0,0.0,1.0,0.22800605
1.0,0.69849247,0.0,0.0,1.0,0.0,0.0,0.0,1.0,0.27348
1.0,0.70351756,0.0,0.0,1.0,0.0,0.0,0.0,1.0,0.28573388
1.0,0.7085427,0.0,0.0,1.0,0.0,0.0,0.0,1.0,0.19604424
1.0,0.71356785,0.0,0.0,1.0,0.0,0.0,0.0,1.0,0.15518597
1.0,0.718593,0.0,0.0,1.0,0.0,0.0,0.0,1.0,0.3927817
1.0,0.7236181,0.0,0.0,1.0,0.0,0.0,0.0,1.0,0.45637846
1.0,0.7286432,0.0,0.0,1.0,0.0,0.0,0.0,1.0,0.1364241
1.0,0.7336683,0.0,0.0,1.0,0.0,0.0,0.0,1.0,0.034187034
1.0,0.7386935,0.0,0.0,1.0,0.0,0.0,0.0,1.0,0.06594786
1.0,0.7437186,0.0,0.0,1.0,0.0,0.0,0.0,1.0,0.36750075
1.0,0.7487437,0.0,0.0,1.0,0.0,0.0,0.0,1.0,0.2108466
1.0,0.75376886,0.0,0.0,1.0,0.0,0.0,0.0,1.0,0.48002946
1.0,0.75879395,0.0,0.0,1.0,0.0,0.0,0.0,1.0,0.17750132
1.0,0.7638191,0.0,0.0,1.0,0.0,0.0,0.0,1.0,0.34582397
1.0,0.76884425,0.0,0.0,1.0,0.0,0.0,0.0,1.0,0.44945657
1.0,0.77386934,0.0,0.0,1.0,0.0,0.0,0.0,1.0,0.40804172
1.0,0.7788945,0.0,0.0,1.0,0.0,0.0,0.0,1.0,0.42797878
1.0,0.7839196,0.0,0.0,1.0,0.0,0.0,0.0,1.0,0.31877244
1.0,0.7889447,0.0,0.0,1.0,0.0,0.0,0.0,1.0,0.47314757
1.0,0.79396987,0.0,0.0,1.0,0.0,0.0,0.0,1.0,0.36156347
1.0,0.79899496,0.0,0.0,1.0,0.0,0.0,0.0,1.0,0.44927
1.0,0.8040201,0.0,0.0,1.0,0.0,0.0,0.0,1.0,0.41054726
1.0,0.8090452,0.0,0.0,1.0,0.0,0.0,0.0,1.0,0.33378974
1.0,0.81407034,0.0,0.0,1.0,0.0,0.0,0.0,1.0,0.40867946
1.0,0.8190955,0.0,0.0,1.0,0.0,0.0,0.0,1.0,0.23844491
1.0,0.82412064,0.0,0.0,1.0,0.0,0.0,0.0,1.0,0.25081974
1.0,0.8291457,0.0,0.0,1.0,0.0,0.0,0.0,1.0,0.31190968
1.0,0.8341709,0.0,0.0,1.0,0.0,0.0,0.0,1.0,0.31448016
1.0,0.83919597,0.0,0.0,1.0,0.0,0.0,0.0,1.0,0.3975533
1.0,0.8442211,0.0,0.0,1.0,0.0,0.0,0.0,1.0,0.40625003
1.0,0.84924626,0.0,0.0,1.0,0.0,0.0,0.0,1.0,0.4484094
1.0,0.85427135,0.0,0.0,1.0,0.0,0.0,0.0,1.0,0.40383416
1.0,0.8592965,0.0,0.0,1.0,0.0,0.0,0.0,1.0,0.51544696
1.0,0.8643216,0.0,0.0,1.0,0.0,0.0,0.0,1.0,0.42147648
1.0,0.86934674,0.0,0.0,1.0,0.0,0.0,0.0,1.0,0.3245419
1.0,0.8743719,0.0,0.0,1.0,0.0,0.0,0.0,1.0,0.37879792
1.0,0.879397,0.0,0.0,1.0,0.0,0.0,0.0,1.0,0.45239922
1.0,0.8844221,0.0,0.0,1.0,0.0,0.0,0.0,1.0,0.3599788
1.0,0.8894472,0.0,0.0,1.0,0.0,0.0,0.0,1.0,0.33935776
1.0,0.89447236,0.0,0.0,1.0,0.0,0.0,0.0,1.0,0.35169113
1.0,0.8994975,0.0,0.0,1.0,0.0,0.0,0.0,1.0,0.27733666
1.0,0.9045226,0.0,0.0,1.0,0.0,0.0,0.0,1.0,0.3916787
1.0,0.90954775,0.0,0.0,1.0,0.0,0.0,0.0,1.0,0.46905026
1.0,0.91457283,0.0,0.0,1.0,0.0,0.0,0.0,1.0,0.40005618
1.0,0.919598,0.0,0.0,1.0,0.0,0.0,0.0,1.0,0.3993829
1.0,0.92462313,0.0,0.0,1.0,0.0,0.0,0.0,1.0,0.45688415
1.0,0.9296482,0.0,0.0,1.0,0.0,0.0,0.0,1.0,0.5118552
1.0,0.93467337,0.0,0.0,1.0,0.0,0.0,0.0,1.0,0.5632287
1.0,0.9396985,0.0,0.0,1.0,0.0,0.0,0.0,1.0,0.5350659
1.0,0.9447236,0.0,0.0,1.0,0.0,0.0,0.0,1.0,0.50079775
1.0,0.94974875,0.0,0.0,1.0,0.0,0.0,0.0,1.0,0.29727253
1.0,0.95477384,0.0,0.0,1.0,0.0,0.0,0.0,1.0,0.48704034
1.0,0.959799,0.0,0.0,1.0,0.0,0.0,0.0,1.0,0.534613
1.0,0.96482414,0.0,0.0,1.0,0.0,0.0,0.0,1.0,0.6104649
1.0,0.9698492,0.0,0.0,1.0,0.0,0.0,0.0,1.0,0.8804531
1.0,0.9748744,0.0,0.0,1.0,0.0,0.0,0.0,1.0,0.58701265
1.0,0.9798995,0.0,0.0,1.0,0.0,0.0,0.0,1.0,0.32341683
1.0,0.9849246,0.0,0.0,1.0,0.0,0.0,0.0,1.0,0.41514075
1.0,0.98994976,0.0,0.0,1.0,0.0,0.0,0.0,1.0,0.54743886
1.0,0.99497485,0.0,0.0,1.0,0.0,0.0,0.0,1.0,0.6187938
1.0,1.0,0.0,0.0,1.0,0.0,0.0,0.0,1.0,0.435946
1.0,0.0,0.0,0.0,1.0,0.0,0.0,0.0,1.0,-0.076447286
1.0022613,0.0,0.0,0.0,1.0022613,0.0,0.0,0.0,1.0,0.024118148
1.0045226,0.0,0.0,0.0,1.0045226,0.0,0.0,0.0,1.0,0.016779443
1.006784,0.0,0.0,0.0,1.006784,0.0,0.0,0.0,1.0,-0.22287306
1.0090452,0.0,0.0,0.0,1.0090452,0.0,0.0,0.0,1.0,0.13947047
1.0113065,0.0,0.0,0.0,1.0113065,0.0,0.0,0.0,1.0,-0.049373496
1.0135678,0.0,0.0,0.0,1.0135678,0.0,0.0,0.0,1.0,0.1692096
1.0158291,0.0,0.0,0.0,1.0158291,0.0,0.0,0.0,1.0,-0.10070425
1.0180905,0.0,0.0,0.0,1.0180905,0.0,0.0,0.0,1.0,0.17080522
1.0203518,0.0,0.0,0.0,1.0203518,0.0,0.0,0.0,1.0,-0.118963905
1.022613,0.0,0.0,0.0,1.022613,0.0,0.0,0.0,1.0,0.07996597
1.0248743,0.0,0.0,0.0,1.0248743,0.0,0.0,0.0,1.0,0.12391731
1.0271357,0.0,0.0,0.0,1.0271357,0.0,0.0,0.0,1.0,-0.06626478
1.029397,0.0,0.0,0.0,1.029397,0.0,0.0,0.0,1.0,-0.00066279666
1.0316583,0.0,0.0,0.0,1.0316583,0.0,0.0,0.0,1.0,0.22734565
1.0339196,0.0,0.0,0.0,1.0339196,0.0,0.0,0.0,1.0,0.1863928
1.0361809,0.0,0.0,0.0,1.0361809,0.0,0.0,0.0,1.0,0.007792583
1.0384423,0.0,0.0,0.0,1.0384423,0.0,0.0,0.0,1.0,0.108118504
1.0407035,0.0,0.0,0.0,1.0407035,0.0,0.0,0.0,1.0,-0.09520373
1.0429648,0.0,0.0,0.0,1.0429648,0.0,0.0,0.0,1.0,0.18992217
1.0452261,0.0,0.0,0.0,1.0452261,0.0,0.0,0.0,1.0,-0.013800561
1.0474874,0.0,0.0,0.0,1.0474874,0.0,0.0,0.0,1.0,-0.012089183
1.0497488,0.0,0.0,0.0,1.0497488,0.0,0.0,0.0,1.0,0.09204508
1.05201,0.0,0.0,0.0,1.05201,0.0,0.0,0.0,1.0,-0.045565072
1.0542713,0.0,0.0,0.0,1.0542713,0.0,0.0,0.0,1.0,-0.07469083
1.0565326,0.0,0.0,0.0,1.0565326,0.0,0.0,0.0,1.0,0.049419206
1.058794,0.0,0.0,0.0,1.058794,0.0,0.0,0.0,1.0,0.09128462
1.0610553,0.0,0.0,0.0,1.0610553,0.0,0.0,0.0,1.0,0.21106277
1.0633166,0.0,0.0,0.0,1.0633166,0.0,0.0,0.0,1.0,0.1471755
1.0655779,0.0,0.0,0.0,1.0655779,0.0,0.0,0.0,1.0,-0.028810192
1.0678391,0.0,0.0,0.0,1.0678391,0.0,0.0,0.0,1.0,0.128819
1.0701005,0.0,0.0,0.0,1.0701005,0.0,0.0,0.0,1.0,-0.11633177
1.0723618,0.0,0.0,0.0,1.0723618,0.0,0.0,0.0,1.0,0.2625102
1.0746231,0.0,0.0,0.0,1.0746231,0.0,0.0,0.0,1.0,0.16223086
1.0768844,0.0,0.0,0.0,1.0768844,0.0,0.0,0.0,1.0,-0.0066997632
1.0791457,0.0,0.0,0.0,1.0791457,0.0,0.0,0.0,1.0,0.089779675
1.0814071,0.0,0.0,0.0,1.0814071,0.0,0.0,0.0,1.0,0.18222505
1.0836684,0.0,0.0,0.0,1.0836684,0.0,0.0,0.0,1.0,0.09321336
1.0859296,0.0,0.0,0.0,1.0859296,0.0,0.0,0.0,1.0,0.0013177842
1.0881909,0.0,0.0,0.0,1.0881909,0.0,0.0,0.0,1.0,0.036945745
1.0904522,0.0,0.0,0.0,1.0904522,0.0,0.0,0.0,1.0,0.08610272
1.0927136,0.0,0.0,0.0,1.0927136,0.0,0.0,0.0,1.0,0.07257855
1.0949749,0.0,0.0,0.0,1.0949749,0.0,0.0,0.0,1.0,0.100708395
1.0972362,0.0,0.0,0.0,1.0972362,0.0,0.0,0.0,1.0,-0.007366903
1.0994974,0.0,0.0,0.0,1.0994974,0.0,0.0,0.0,1.0,0.09427301
1.1017588,0.0,0.0,0.0,1.1017588,0.0,0.0,0.0,1.0,0.04930017
1.1040201,0.0,0.0,0.0,1.1040201,0.0,0.0,0.0,1.0,0.23624304
1.1062814,0.0,0.0,0.0,1.1062814,0.0,0.0,0.0,1.0,0.057388745
1.1085427,0.0,0.0,0.0,1.1085427,0.0,0.0,0.0,1.0,-0.03441579
1.110804,0.0,0.0,0.0,1.110804,0.0,0.0,0.0,1.0,0.086683646
1.1130654,0.0,0.0,0.0,1.1130654,0.0,0.0,0.0,1.0,0.27333465
1.1153266,0.0,0.0,0.0,1.1153266,0.0,0.0,0.0,1.0,-0.00893569
1.1175879,0.0,0.0,0.0,1.1175879,0.0,0.0,0.0,1.0,0.44133323
1.1198492,0.0,0.0,0.0,1.1198492,0.0,0.0,0.0,1.0,0.04829352
1.1221106,0.0,0.0,0.0,1.1221106,0.0,0.0,0.0,1.0,0.061810676
1.1243719,0.0,0.0,0.0,1.1243719,0.0,0.0,0.0,1.0,0.28796443
1.1266332,0.0,0.0,0.0,1.1266332,0.0,0.0,0.0,1.0,0.09758614
1.1288944,0.0,0.0,0.0,1.1288944,0.0,0.0,0.0,1.0,0.09085445
1.1311557,0.0,0.0,0.0,1.1311557,0.0,0.0,0.0,1.0,0.25643066
1.1334171,0.0,0.0,0.0,1.1334171,0.0,0.0,0.0,1.0,0.26623428
1.1356784,0.0,0.0,0.0,1.1356784,0.0,0.0,0.0,1.0,0.15584575
1.1379397,0.0,0.0,0.0,1.1379397,0.0,0.0,0.0,1.0,0.29845464
1.140201,0.0,0.0,0.0,1.140201,0.0,0.0,0.0,1.0,0.10794203
1.1424623,0.0,0.0,0.0,1.1424623,0.0,0.0,0.0,1.0,0.29074556
1.1447237,0.0,0.0,0.0,1.1447237,0.0,0.0,0.0,1.0,0.19062707
1.1469849,0.0,0.0,0.0,1.1469849,0.0,0.0,0.0,1.0,0.0011124909
1.1492462,0.0,0.0,0.0,1.1492462,0.0,0.0,0.0,1.0,0.10813503
1.1515075,0.0,0.0,0.0,1.1515075,0.0,0.0,0.0,1.0,0.23230307
1.1537688,0.0,0.0,0.0,1.1537688,0.0,0.0,0.0,1.0,0.22153856
1.1560302,0.0,0.0,0.0,1.1560302,0.0,0.0,0.0,1.0,0.173703
1.1582915,0.0,0.0,0.0,1.1582915,0.0,0.0,0.0,1.0,0.22206168
1.1605527,0.0,0.0,0.0,1.1605527,0.0,0.0,0.0,1.0,0.17606574
1.162814,0.0,0.0,0.0,1.162814,0.0,0.0,0.0,1.0,0.05799149
1.1650753,0.0,0.0,0.0,1.1650753,0.0,0.0,0.0,1.0,0.26593095
1.1673367,0.0,0.0,0.0,1.1673367,0.0,0.0,0.0,1.0,0.09693269
1.169598,0.0,0.0,0.0,1.169598,0.0,0.0,0.0,1.0,0.22250241
1.1718593,0.0,0.0,0.0,1.1718593,0.0,0.0,0.0,1.0,0.24680117
1.1741205,0.0,0.0,0.0,1.1741205,0.0,0.0,0.0,1.0,0.13996491
1.176382,0.0,0.0,0.0,1.176382,0.0,0.0,0.0,1.0,0.39403123
1.1786432,0.0,0.0,0.0,1.1786432,0.0,0.0,0.0,1.0,-0.07075308
1.1809045,0.0,0.0,0.0,1.1809045,0.0,0.0,0.0,1.0,0.19518347
1.1831658,0.0,0.0,0.0,1.1831658,0.0,0.0,0.0,1.0,0.21503954
1.1854272,0.0,0.0,0.0,1.1854272,0.0,0.0,0.0,1.0,0.23162457
1.1876885,0.0,0.0,0.0,1.1876885,0.0,0.0,0.0,1.0,0.1172868
1.1899498,0.0,0.0,0.0,1.1899498,0.0,0.0,0.0,1.0,0.27753726
1.192211,0.0,0.0,0.0,1.192211,0.0,0.0,0.0,1.0,0.40870568
1.1944723,0.0,0.0,0.0,1.1944723,0.0,0.0,0.0,1.0,0.45284763
1.1967337,0.0,0.0,0.0,1.1967337,0.0,0.0,0.0,1.0,0.13772772
1.198995,0.0,0.0,0.0,1.198995,0.0,0.0,0.0,1.0,0.30268785
1.2012563,0.0,0.0,0.0,1.2012563,0.0,0.0,0.0,1.0,0.37894437
1.2035176,0.0,0.0,0.0,1.2035176,0.0,0.0,0.0,1.0,0.35080403
1.2057788,0.0,0.0,0.0,1.2057788,0.0,0.0,0.0,1.0,0.2629035
1.2080402,0.0,0.0,0.0,1.2080402,0.0,0.0,0.0,1.0,0.23024401
1.2103015,0.0,0.0,0.0,1.2103015,0.0,0.0,0.0,1.0,0.5154184
1.2125628,0.0,0.0,0.0,1.2125628,0.0,0.0,0.0,1.0,0.267505
1.2148241,0.0,0.0,0.0,1.2148241,0.0,0.0,0.0,1.0,0.4218342
1.2170854,0.0,0.0,0.0,1.2170854,0.0,0.0,0.0,1.0,0.40860602
1.2193468,0.0,0.0,0.0,1.2193468,0.0,0.0,0.0,1.0,0.38945785
1.221608,0.0,0.0,0.0,1.221608,0.0,0.0,0.0,1.0,0.25852376
1.2238693,0.0,0.0,0.0,1.2238693,0.0,0.0,0.0,1.0,0.32725832
1.2261306,0.0,0.0,0.0,1.2261306,0.0,0.0,0.0,1.0,0.3902642
1.228392,0.0,0.0,0.0,1.228392,0.0,0.0,0.0,1.0,0.31844085
1.2306533,0.0,0.0,0.0,1.2306533,0.0,0.0,0.0,1.0,0.32151622
1.2329146,0.0,0.0,0.0,1.2329146,0.0,0.0,0.0,1.0,0.49845293
1.2351758,0.0,0.0,0.0,1.2351758,0.0,0.0,0.0,1.0,0.42390072
1.2374372,0.0,0.0,0.0,1.2374372,0.0,0.0,0.0,1.0,0.52397776
1.2396985,0.0,0.0,0.0,1.2396985,0.0,0.0,0.0,1.0,0.26175678
1.2419598,0.0,0.0,0.0,1.2419598,0.0,0.0,0.0,1.0,0.2303869
1.2442211,0.0,0.0,0.0,1.2442211,0.0,0.0,0.0,1.0,0.5029863
1.2464824,0.0,0.0,0.0,1.2464824,0.0,0.0,0.0,1.0,0.32096404
1.2487438,0.0,0.0,0.0,1.2487438,0.0,0.0,0.0,1.0,0.6317144
1.251005,0.0,0.0,0.0,1.251005,0.0,0.0,0.0,1.0,0.3446796
1.2532663,0.0,0.0,0.0,1.2532663,0.0,0.0,0.0,1.0,0.4663551
1.2555276,0.0,0.0,0.0,1.2555276,0.0,0.0,0.0,1.0,0.46821526
1.2577889,0.0,0.0,0.0,1.2577889,0.0,0.0,0.0,1.0,0.47815543
1.2600503,0.0,0.0,0.0,1.2600503,0.0,0.0,0.0,1.0,0.6495925
1.2623116,0.0,0.0,0.0,1.2623116,0.0,0.0,0.0,1.0,0.58373415
1.2645729,0.0,0.0,0.0,1.2645729,0.0,0.0,0.0,1.0,0.5764813
1.2668341,0.0,0.0,0.0,1.2668341,0.0,0.0,0.0,1.0,0.7552779
1.2690954,0.0,0.0,0.0,1.2690954,0.0,0.0,0.0,1.0,0.52276
1.2713568,0.0,0.0,0.0,1.2713568,0.0,0.0,0.0,1.0,0.52908456
1.2736181,0.0,0.0,0.0,1.2736181,0.0,0.0,0.0,1.0,0.6772826
1.2758794,0.0,0.0,0.0,1.2758794,0.0,0.0,0.0,1.0,0.50396305
1.2781408,0.0,0.0,0.0,1.2781408,0.0,0.0,0.0,1.0,0.755031
1.280402,0.0,0.0,0.0,1.280402,0.0,0.0,0.0,1.0,0.72599363
1.2826633,0.0,0.0,0.0,1.2826633,0.0,0.0,0.0,1.0,0.7890911
1.2849246,0.0,0.0,0.0,1.2849246,0.0,0.0,0.0,1.0,0.6311535
1.2871859,0.0,0.0,0.0,1.2871859,0.0,0.0,0.0,1.0,0.76940966
1.2894473,0.0,0.0,0.0,1.2894473,0.0,0.0,0.0,1.0,0.6178465
1.2917085,0.0,0.0,0.0,1.2917085,0.0,0.0,0.0,1.0,0.7478872
1.2939699,0.0,0.0,0.0,1.2939699,0.0,0.0,0.0,1.0,0.5627283
1.2962312,0.0,0.0,0.0,1.2962312,0.0,0.0,0.0,1.0,0.48931295
1.2984924,0.0,0.0,0.0,1.2984924,0.0,0.0,0.0,1.0,0.75285035
1.3007538,0.0,0.0,0.0,1.3007538,0.0,0.0,0.0,1.0,0.7277268
1.303015,0.0,0.0,0.0,1.303015,0.0,0.0,0.0,1.0,0.736619
1.3052764,0.0,0.0,0.0,1.3052764,0.0,0.0,0.0,1.0,0.78206956
1.3075377,0.0,0.0,0.0,1.3075377,0.0,0.0,0.0,1.0,0.88521665
1.309799,0.0,0.0,0.0,1.309799,0.0,0.0,0.0,1.0,0.88236856
1.3120604,0.0,0.0,0.0,1.3120604,0.0,0.0,0.0,1.0,1.1668775
1.3143216,0.0,0.0,0.0,1.3143216,0.0,0.0,0.0,1.0,0.67404616
1.3165829,0.0,0.0,0.0,1.3165829,0.0,0.0,0.0,1.0,0.905627
1.3188442,0.0,0.0,0.0,1.3188442,0.0,0.0,0.0,1.0,0.839691
1.3211055,0.0,0.0,0.0,1.3211055,0.0,0.0,0.0,1.0,0.9156748
1.3233669,0.0,0.0,0.0,1.3233669,0.0,0.0,0.0,1.0,1.013376
1.3256282,0.0,0.0,0.0,1.3256282,0.0,0.0,0.0,1.0,1.0398777
1.3278894,0.0,0.0,0.0,1.3278894,0.0,0.0,0.0,1.0,1.0136924
1.3301507,0.0,0.0,0.0,1.3301507,0.0,0.0,0.0,1.0,0.89003384
1.332412,0.0,0.0,0.0,1.332412,0.0,0.0,0.0,1.0,0.8362997
1.3346734,0.0,0.0,0.0,1.3346734,0.0,0.0,0.0,1.0,0.8995437
1.3369347,0.0,0.0,0.0,1.3369347,0.0,0.0,0.0,1.0,0.74958014
1.339196,0.0,0.0,0.0,1.339196,0.0,0.0,0.0,1.0,1.0074235
1.3414572,0.0,0.0,0.0,1.3414572,0.0,0.0,0.0,1.0,0.99290144
1.3437185,0.0,0.0,0.0,1.3437185,0.0,0.0,0.0,1.0,1.0223849
1.3459799,0.0,0.0,0.0,1.3459799,0.0,0.0,0.0,1.0,1.2448871
1.3482412,0.0,0.0,0.0,1.3482412,0.0,0.0,0.0,1.0,1.0255272
1.3505025,0.0,0.0,0.0,1.3505025,0.0,0.0,0.0,1.0,1.1074463
1.3527639,0.0,0.0,0.0,1.3527639,0.0,0.0,0.0,1.0,1.144151
1.355025,0.0,0.0,0.0,1.355025,0.0,0.0,0.0,1.0,1.3038806
1.3572865,0.0,0.0,0.0,1.3572865,0.0,0.0,0.0,1.0,1.101863
1.3595477,0.0,0.0,0.0,1.3595477,0.0,0.0,0.0,1.0,1.1357597
1.361809,0.0,0.0,0.0,1.361809,0.0,0.0,0.0,1.0,1.1678343
1.3640704,0.0,0.0,0.0,1.3640704,0.0,0.0,0.0,1.0,1.1722035
1.3663316,0.0,0.0,0.0,1.3663316,0.0,0.0,0.0,1.0,1.2677106
1.368593,0.0,0.0,0.0,1.368593,0.0,0.0,0.0,1.0,1.245766
1.3708543,0.0,0.0,0.0,1.3708543,0.0,0.0,0.0,1.0,1.1858763
1.3731155,0.0,0.0,0.0,1.3731155,0.0,0.0,0.0,1.0,1.3700526
1.3753769,0.0,0.0,0.0,1.3753769,0.0,0.0,0.0,1.0,1.1597282
1.3776382,0.0,0.0,0.0,1.3776382,0.0,0.0,0.0,1.0,1.3616455
1.3798995,0.0,0.0,0.0,1.3798995,0.0,0.0,0.0,1.0,1.2808332
1.3821608,0.0,0.0,0.0,1.3821608,0.0,0.0,0.0,1.0,1.2410233
1.3844221,0.0,0.0,0.0,1.3844221,0.0,0.0,0.0,1.0,1.2854488
1.3866835,0.0,0.0,0.0,1.3866835,0.0,0.0,0.0,1.0,1.1825982
1.3889447,0.0,0.0,0.0,1.3889447,0.0,0.0,0.0,1.0,1.4133309
1.391206,0.0,0.0,0.0,1.391206,0.0,0.0,0.0,1.0,1.613071
1.3934673,0.0,0.0,0.0,1.3934673,0.0,0.0,0.0,1.0,1.4221375
1.3957286,0.0,0.0,0.0,1.3957286,0.0,0.0,0.0,1.0,1.364729
1.39799,0.0,0.0,0.0,1.39799,0.0,0.0,0.0,1.0,1.3490498
1.4002513,0.0,0.0,0.0,1.4002513,0.0,0.0,0.0,1.0,1.4556428
1.4025126,0.0,0.0,0.0,1.4025126,0.0,0.0,0.0,1.0,1.3484159
1.4047738,0.0,0.0,0.0,1.4047738,0.0,0.0,0.0,1.0,1.384898
1.4070351,0.0,0.0,0.0,1.4070351,0.0,0.0,0.0,1.0,1.5879352
1.4092965,0.0,0.0,0.0,1.4092965,0.0,0.0,0.0,1.0,1.5644492
1.4115578,0.0,0.0,0.0,1.4115578,0.0,0.0,0.0,1.0,1.5241838
1.4138191,0.0,0.0,0.0,1.4138191,0.0,0.0,0.0,1.0,1.7020001
1.4160804,0.0,0.0,0.0,1.4160804,0.0,0.0,0.0,1.0,1.612524
1.4183416,0.0,0.0,0.0,1.4183416,0.0,0.0,0.0,1.0,1.6386105
1.420603,0.0,0.0,0.0,1.420603,0.0,0.0,0.0,1.0,1.5389524
1.4228643,0.0,0.0,0.0,1.4228643,0.0,0.0,0.0,1.0,1.3787152
1.4251256,0.0,0.0,0.0,1.4251256,0.0,0.0,0.0,1.0,1.616134
1.427387,0.0,0.0,0.0,1.427387,0.0,0.0,0.0,1.0,1.6658461
1.4296482,0.0,0.0,0.0,1.4296482,0.0,0.0,0.0,1.0,1.7280753
1.4319096,0.0,0.0,0.0,1.4319096,0.0,0.0,0.0,1.0,1.7859664
1.4341708,0.0,0.0,0.0,1.4341708,0.0,0.0,0.0,1.0,1.783991
1.4364321,0.0,0.0,0.0,1.4364321,0.0,0.0,0.0,1.0,1.6794884
1.4386935,0.0,0.0,0.0,1.4386935,0.0,0.0,0.0,1.0,1.8879912
1.4409548,0.0,0.0,0.0,1.4409548,0.0,0.0,0.0,1.0,1.9776604
1.4432161,0.0,0.0,0.0,1.4432161,0.0,0.0,0.0,1.0,1.8343916
1.4454774,0.0,0.0,0.0,1.4454774,0.0,0.0,0.0,1.0,1.8296158
1.4477386,0.0,0.0,0.0,1.4477386,0.0,0.0,0.0,1.0,1.9069408
1.45,0.0,0.0,0.0,1.45,0.0,0.0,0.0,1.0,1.8801669
